priority_rank,priority_score,category,category_slug,role,role_slug,country,country_slug,route_type,slug,page_title,primary_keyword,scam_risk,official_source_corrected,source_confidence,official_source_original,cta,seo_angle,notes
1,74.5,Healthcare,healthcare,Registered Nurse,registered-nurse,United Kingdom,united-kingdom,Health and Care Worker visa,/routes/registered-nurse/united-kingdom/,How South African Registered Nurses Can Work in United Kingdom (2026 Guide),Registered Nurse jobs in United Kingdom for South Africans,Medium-High,https://www.gov.uk/health-care-worker-visa,high,https://www.gov.uk/health-care-worker-visa,Free eligibility check,"plain-English South African route check: eligibility, documents, costs, timeline, scams",Core money route; document-heavy; high trust need.
2,67.5,Au Pair,au-pair,Au Pair,au-pair,United States,united-states,J-1 Au Pair,/routes/au-pair/united-states/,How South African Au Pairs Can Work in United States (2026 Guide),Au Pair jobs in United States for South Africans,High,https://j1visa.state.gov/programs/au-pair,high,https://j1visa.state.gov/programs/au-pair,Free eligibility check,"plain-English South African route check: eligibility, documents, costs, timeline, scams",High WhatsApp intent; young applicants; sponsor verification critical.
3,63.4,Teaching,teaching,Qualified Teacher,qualified-teacher,United Kingdom,united-kingdom,Skilled Worker / QTS route,/routes/qualified-teacher/united-kingdom/,How South African Qualified Teachers Can Work in United Kingdom (2026 Guide),Qualified Teacher jobs in United Kingdom for South Africans,Medium,https://www.gov.uk/skilled-worker-visa,high,https://www.gov.uk/skilled-worker-visa,Free eligibility check,"plain-English South African route check: eligibility, documents, costs, timeline, scams",Already in blog; strong SA-specific search intent.
4,60.5,Farming,farming,Seasonal Farm Worker,seasonal-farm-worker,United Kingdom,united-kingdom,Seasonal Worker visa,/routes/seasonal-farm-worker/united-kingdom/,How South African Seasonal Farm Workers Can Work in United Kingdom (2026 Guide),Seasonal Farm Worker jobs in United Kingdom for South Africans,High,https://www.gov.uk/seasonal-worker-visa,high,https://www.gov.uk/seasonal-worker-visa,Free eligibility check,"plain-English South African route check: eligibility, documents, costs, timeline, scams",Popular no-degree route; scam-heavy; practical verification content.
5,58.1,Healthcare,healthcare,Registered Nurse,registered-nurse,Ireland,ireland,Skilled healthcare work permit,/routes/registered-nurse/ireland/,How South African Registered Nurses Can Work in Ireland (2026 Guide),Registered Nurse jobs in Ireland for South Africans,Medium-High,https://enterprise.gov.ie/en/what-we-do/workplace-and-skills/employment-permits/permit-types/,high,https://enterprise.gov.ie/en/what-we-do/workplace-and-skills/employment-permits/permit-types/critical-skills-employment-permit/,Free eligibility check,"plain-English South African route check: eligibility, documents, costs, timeline, scams",Professional registration/document route; verify regulator requirements.
6,58.1,Healthcare,healthcare,Registered Nurse,registered-nurse,Saudi Arabia,saudi-arabia,Skilled healthcare work permit,/routes/registered-nurse/saudi-arabia/,How South African Registered Nurses Can Work in Saudi Arabia (2026 Guide),Registered Nurse jobs in Saudi Arabia for South Africans,Medium-High,https://scfhs.org.sa/en,verify,https://u.ae/en/information-and-services/jobs/employment-in-the-private-sector/job-offers-and-work-permits-and-contracts/work-permits,Free eligibility check,"plain-English South African route check: eligibility, documents, costs, timeline, scams",Professional registration/document route; verify regulator requirements.
7,57.5,IT / Tech,it-tech,Software Developer,software-developer,Ireland,ireland,Critical Skills Employment Permit,/routes/software-developer/ireland/,How South African Software Developers Can Work in Ireland (2026 Guide),Software Developer jobs in Ireland for South Africans,Medium,https://enterprise.gov.ie/en/what-we-do/workplace-and-skills/employment-permits/permit-types/,high,https://enterprise.gov.ie/en/what-we-do/workplace-and-skills/employment-permits/permit-types/critical-skills-employment-permit/,Free eligibility check,"plain-English South African route check: eligibility, documents, costs, timeline, scams",Strong skilled route; good for higher-value audience.
8,56.3,IT / Tech,it-tech,Software Developer,software-developer,Germany,germany,Skilled worker / critical skills route,/routes/software-developer/germany/,How South African Software Developers Can Work in Germany (2026 Guide),Software Developer jobs in Germany for South Africans,Medium,https://www.make-it-in-germany.com/en/visa-residence/types,high,https://www.make-it-in-germany.com/en/visa-residence/types/job-search-opportunity-card,Free eligibility check,"plain-English South African route check: eligibility, documents, costs, timeline, scams",High-value skilled audience; compare sponsorship realism by country.
9,56.3,IT / Tech,it-tech,Software Developer,software-developer,Canada,canada,Skilled worker / critical skills route,/routes/software-developer/canada/,How South African Software Developers Can Work in Canada (2026 Guide),Software Developer jobs in Canada for South Africans,Medium,https://www.canada.ca/en/immigration-refugees-citizenship/services/work-canada.html,high,https://www.canada.ca/en/immigration-refugees-citizenship/services/immigrate-canada/express-entry.html,Free eligibility check,"plain-English South African route check: eligibility, documents, costs, timeline, scams",High-value skilled audience; compare sponsorship realism by country.
10,56.3,IT / Tech,it-tech,Software Developer,software-developer,Australia,australia,Skilled worker / critical skills route,/routes/software-developer/australia/,How South African Software Developers Can Work in Australia (2026 Guide),Software Developer jobs in Australia for South Africans,Medium,https://immi.homeaffairs.gov.au/visas/getting-a-visa/visa-listing/skills-in-demand-visa-subclass-482,high,https://immi.homeaffairs.gov.au/visas/getting-a-visa/visa-listing/skills-in-demand-visa-subclass-482/core-skills-stream,Free eligibility check,"plain-English South African route check: eligibility, documents, costs, timeline, scams",High-value skilled audience; compare sponsorship realism by country.
11,56.1,Trades,trades,Electrician,electrician,Australia,australia,Trade recognition + skilled/sponsored route,/routes/electrician/australia/,How South African Electricians Can Work in Australia (2026 Guide),Electrician jobs in Australia for South Africans,Medium-High,https://immi.homeaffairs.gov.au/visas/getting-a-visa/visa-listing/skills-in-demand-visa-subclass-482,high,https://immi.homeaffairs.gov.au/visas/getting-a-visa/visa-listing/skills-in-demand-visa-subclass-482/core-skills-stream,Free eligibility check,"plain-English South African route check: eligibility, documents, costs, timeline, scams",High commercial potential; qualification assessment and licensing are key blockers.
12,56.1,Trades,trades,Electrician,electrician,United Kingdom,united-kingdom,Trade recognition + skilled/sponsored route,/routes/electrician/united-kingdom/,How South African Electricians Can Work in United Kingdom (2026 Guide),Electrician jobs in United Kingdom for South Africans,Medium-High,https://www.gov.uk/skilled-worker-visa,high,https://www.gov.uk/skilled-worker-visa,Free eligibility check,"plain-English South African route check: eligibility, documents, costs, timeline, scams",High commercial potential; qualification assessment and licensing are key blockers.
13,56.1,Trades,trades,Electrician,electrician,Canada,canada,Trade recognition + skilled/sponsored route,/routes/electrician/canada/,How South African Electricians Can Work in Canada (2026 Guide),Electrician jobs in Canada for South Africans,Medium-High,https://www.canada.ca/en/immigration-refugees-citizenship/services/work-canada.html,high,https://www.canada.ca/en/immigration-refugees-citizenship/services/immigrate-canada/express-entry.html,Free eligibility check,"plain-English South African route check: eligibility, documents, costs, timeline, scams",High commercial potential; qualification assessment and licensing are key blockers.
14,56.1,Trades,trades,Electrician,electrician,New Zealand,new-zealand,Trade recognition + skilled/sponsored route,/routes/electrician/new-zealand/,How South African Electricians Can Work in New Zealand (2026 Guide),Electrician jobs in New Zealand for South Africans,Medium-High,https://www.immigration.govt.nz/new-zealand-visas,high,https://www.immigration.govt.nz/new-zealand-visas/preparing-a-visa-application/working-in-nz/qualifications-for-work/green-list-occupations,Free eligibility check,"plain-English South African route check: eligibility, documents, costs, timeline, scams",High commercial potential; qualification assessment and licensing are key blockers.
15,56.1,Trades,trades,Electrician,electrician,Ireland,ireland,Trade recognition + skilled/sponsored route,/routes/electrician/ireland/,How South African Electricians Can Work in Ireland (2026 Guide),Electrician jobs in Ireland for South Africans,Medium-High,https://enterprise.gov.ie/en/what-we-do/workplace-and-skills/employment-permits/permit-types/,high,https://enterprise.gov.ie/en/what-we-do/workplace-and-skills/employment-permits/permit-types/critical-skills-employment-permit/,Free eligibility check,"plain-English South African route check: eligibility, documents, costs, timeline, scams",High commercial potential; qualification assessment and licensing are key blockers.
16,56.1,Trades,trades,Electrician,electrician,UAE,uae,Trade recognition + skilled/sponsored route,/routes/electrician/uae/,How South African Electricians Can Work in UAE (2026 Guide),Electrician jobs in UAE for South Africans,Medium-High,https://u.ae/en/information-and-services/jobs/employment-in-the-private-sector,high,https://u.ae/en/information-and-services/jobs/employment-in-the-private-sector/job-offers-and-work-permits-and-contracts/work-permits,Free eligibility check,"plain-English South African route check: eligibility, documents, costs, timeline, scams",High commercial potential; qualification assessment and licensing are key blockers.
17,56.1,Trades,trades,Electrician,electrician,Germany,germany,Trade recognition + skilled/sponsored route,/routes/electrician/germany/,How South African Electricians Can Work in Germany (2026 Guide),Electrician jobs in Germany for South Africans,Medium-High,https://www.make-it-in-germany.com/en/visa-residence/types,high,https://www.make-it-in-germany.com/en/visa-residence/types/job-search-opportunity-card,Free eligibility check,"plain-English South African route check: eligibility, documents, costs, timeline, scams",High commercial potential; qualification assessment and licensing are key blockers.
18,56.1,Trades,trades,Plumber,plumber,Australia,australia,Trade recognition + skilled/sponsored route,/routes/plumber/australia/,How South African Plumbers Can Work in Australia (2026 Guide),Plumber jobs in Australia for South Africans,Medium-High,https://immi.homeaffairs.gov.au/visas/getting-a-visa/visa-listing/skills-in-demand-visa-subclass-482,high,https://immi.homeaffairs.gov.au/visas/getting-a-visa/visa-listing/skills-in-demand-visa-subclass-482/core-skills-stream,Free eligibility check,"plain-English South African route check: eligibility, documents, costs, timeline, scams",High commercial potential; qualification assessment and licensing are key blockers.
19,56.1,Trades,trades,Plumber,plumber,United Kingdom,united-kingdom,Trade recognition + skilled/sponsored route,/routes/plumber/united-kingdom/,How South African Plumbers Can Work in United Kingdom (2026 Guide),Plumber jobs in United Kingdom for South Africans,Medium-High,https://www.gov.uk/skilled-worker-visa,high,https://www.gov.uk/skilled-worker-visa,Free eligibility check,"plain-English South African route check: eligibility, documents, costs, timeline, scams",High commercial potential; qualification assessment and licensing are key blockers.
20,56.1,Trades,trades,Plumber,plumber,Canada,canada,Trade recognition + skilled/sponsored route,/routes/plumber/canada/,How South African Plumbers Can Work in Canada (2026 Guide),Plumber jobs in Canada for South Africans,Medium-High,https://www.canada.ca/en/immigration-refugees-citizenship/services/work-canada.html,high,https://www.canada.ca/en/immigration-refugees-citizenship/services/immigrate-canada/express-entry.html,Free eligibility check,"plain-English South African route check: eligibility, documents, costs, timeline, scams",High commercial potential; qualification assessment and licensing are key blockers.
21,56.1,Trades,trades,Plumber,plumber,New Zealand,new-zealand,Trade recognition + skilled/sponsored route,/routes/plumber/new-zealand/,How South African Plumbers Can Work in New Zealand (2026 Guide),Plumber jobs in New Zealand for South Africans,Medium-High,https://www.immigration.govt.nz/new-zealand-visas,high,https://www.immigration.govt.nz/new-zealand-visas/preparing-a-visa-application/working-in-nz/qualifications-for-work/green-list-occupations,Free eligibility check,"plain-English South African route check: eligibility, documents, costs, timeline, scams",High commercial potential; qualification assessment and licensing are key blockers.
22,56.1,Trades,trades,Plumber,plumber,Ireland,ireland,Trade recognition + skilled/sponsored route,/routes/plumber/ireland/,How South African Plumbers Can Work in Ireland (2026 Guide),Plumber jobs in Ireland for South Africans,Medium-High,https://enterprise.gov.ie/en/what-we-do/workplace-and-skills/employment-permits/permit-types/,high,https://enterprise.gov.ie/en/what-we-do/workplace-and-skills/employment-permits/permit-types/critical-skills-employment-permit/,Free eligibility check,"plain-English South African route check: eligibility, documents, costs, timeline, scams",High commercial potential; qualification assessment and licensing are key blockers.
23,56.1,Trades,trades,Plumber,plumber,UAE,uae,Trade recognition + skilled/sponsored route,/routes/plumber/uae/,How South African Plumbers Can Work in UAE (2026 Guide),Plumber jobs in UAE for South Africans,Medium-High,https://u.ae/en/information-and-services/jobs/employment-in-the-private-sector,high,https://u.ae/en/information-and-services/jobs/employment-in-the-private-sector/job-offers-and-work-permits-and-contracts/work-permits,Free eligibility check,"plain-English South African route check: eligibility, documents, costs, timeline, scams",High commercial potential; qualification assessment and licensing are key blockers.
24,56.1,Trades,trades,Plumber,plumber,Germany,germany,Trade recognition + skilled/sponsored route,/routes/plumber/germany/,How South African Plumbers Can Work in Germany (2026 Guide),Plumber jobs in Germany for South Africans,Medium-High,https://www.make-it-in-germany.com/en/visa-residence/types,high,https://www.make-it-in-germany.com/en/visa-residence/types/job-search-opportunity-card,Free eligibility check,"plain-English South African route check: eligibility, documents, costs, timeline, scams",High commercial potential; qualification assessment and licensing are key blockers.
25,56.1,Trades,trades,Welder,welder,Australia,australia,Trade recognition + skilled/sponsored route,/routes/welder/australia/,How South African Welders Can Work in Australia (2026 Guide),Welder jobs in Australia for South Africans,Medium-High,https://immi.homeaffairs.gov.au/visas/getting-a-visa/visa-listing/skills-in-demand-visa-subclass-482,high,https://immi.homeaffairs.gov.au/visas/getting-a-visa/visa-listing/skills-in-demand-visa-subclass-482/core-skills-stream,Free eligibility check,"plain-English South African route check: eligibility, documents, costs, timeline, scams",High commercial potential; qualification assessment and licensing are key blockers.
26,56.1,Trades,trades,Welder,welder,United Kingdom,united-kingdom,Trade recognition + skilled/sponsored route,/routes/welder/united-kingdom/,How South African Welders Can Work in United Kingdom (2026 Guide),Welder jobs in United Kingdom for South Africans,Medium-High,https://www.gov.uk/skilled-worker-visa,high,https://www.gov.uk/skilled-worker-visa,Free eligibility check,"plain-English South African route check: eligibility, documents, costs, timeline, scams",High commercial potential; qualification assessment and licensing are key blockers.
27,56.1,Trades,trades,Welder,welder,Canada,canada,Trade recognition + skilled/sponsored route,/routes/welder/canada/,How South African Welders Can Work in Canada (2026 Guide),Welder jobs in Canada for South Africans,Medium-High,https://www.canada.ca/en/immigration-refugees-citizenship/services/work-canada.html,high,https://www.canada.ca/en/immigration-refugees-citizenship/services/immigrate-canada/express-entry.html,Free eligibility check,"plain-English South African route check: eligibility, documents, costs, timeline, scams",High commercial potential; qualification assessment and licensing are key blockers.
28,56.1,Trades,trades,Welder,welder,New Zealand,new-zealand,Trade recognition + skilled/sponsored route,/routes/welder/new-zealand/,How South African Welders Can Work in New Zealand (2026 Guide),Welder jobs in New Zealand for South Africans,Medium-High,https://www.immigration.govt.nz/new-zealand-visas,high,https://www.immigration.govt.nz/new-zealand-visas/preparing-a-visa-application/working-in-nz/qualifications-for-work/green-list-occupations,Free eligibility check,"plain-English South African route check: eligibility, documents, costs, timeline, scams",High commercial potential; qualification assessment and licensing are key blockers.
29,56.1,Trades,trades,Welder,welder,Ireland,ireland,Trade recognition + skilled/sponsored route,/routes/welder/ireland/,How South African Welders Can Work in Ireland (2026 Guide),Welder jobs in Ireland for South Africans,Medium-High,https://enterprise.gov.ie/en/what-we-do/workplace-and-skills/employment-permits/permit-types/,high,https://enterprise.gov.ie/en/what-we-do/workplace-and-skills/employment-permits/permit-types/critical-skills-employment-permit/,Free eligibility check,"plain-English South African route check: eligibility, documents, costs, timeline, scams",High commercial potential; qualification assessment and licensing are key blockers.
30,56.1,Trades,trades,Welder,welder,UAE,uae,Trade recognition + skilled/sponsored route,/routes/welder/uae/,How South African Welders Can Work in UAE (2026 Guide),Welder jobs in UAE for South Africans,Medium-High,https://u.ae/en/information-and-services/jobs/employment-in-the-private-sector,high,https://u.ae/en/information-and-services/jobs/employment-in-the-private-sector/job-offers-and-work-permits-and-contracts/work-permits,Free eligibility check,"plain-English South African route check: eligibility, documents, costs, timeline, scams",High commercial potential; qualification assessment and licensing are key blockers.
31,56.1,Trades,trades,Welder,welder,Germany,germany,Trade recognition + skilled/sponsored route,/routes/welder/germany/,How South African Welders Can Work in Germany (2026 Guide),Welder jobs in Germany for South Africans,Medium-High,https://www.make-it-in-germany.com/en/visa-residence/types,high,https://www.make-it-in-germany.com/en/visa-residence/types/job-search-opportunity-card,Free eligibility check,"plain-English South African route check: eligibility, documents, costs, timeline, scams",High commercial potential; qualification assessment and licensing are key blockers.
32,55.6,Healthcare,healthcare,Registered Nurse,registered-nurse,Canada,canada,Skilled healthcare work permit,/routes/registered-nurse/canada/,How South African Registered Nurses Can Work in Canada (2026 Guide),Registered Nurse jobs in Canada for South Africans,Medium-High,https://www.canada.ca/en/immigration-refugees-citizenship/services/work-canada.html,high,https://www.canada.ca/en/immigration-refugees-citizenship/services/immigrate-canada/express-entry.html,Free eligibility check,"plain-English South African route check: eligibility, documents, costs, timeline, scams",Professional registration/document route; verify regulator requirements.
33,55.6,Au Pair,au-pair,Childcare Assistant,childcare-assistant,United States,united-states,Au pair / cultural exchange route,/routes/childcare-assistant/united-states/,How South African Childcare Assistants Can Work in United States (2026 Guide),Childcare Assistant jobs in United States for South Africans,High,https://j1visa.state.gov/programs/au-pair,high,https://j1visa.state.gov/programs/au-pair,Free eligibility check,"plain-English South African route check: eligibility, documents, costs, timeline, scams",Strong young-applicant route; sponsor/agency legitimacy is key.
34,54.6,Healthcare,healthcare,Registered Nurse,registered-nurse,Germany,germany,Skilled healthcare work permit,/routes/registered-nurse/germany/,How South African Registered Nurses Can Work in Germany (2026 Guide),Registered Nurse jobs in Germany for South Africans,Medium-High,https://www.make-it-in-germany.com/en/visa-residence/types,high,https://www.make-it-in-germany.com/en/visa-residence/types/job-search-opportunity-card,Free eligibility check,"plain-English South African route check: eligibility, documents, costs, timeline, scams",Professional registration/document route; verify regulator requirements.
35,54.6,Healthcare,healthcare,Caregiver / Care Assistant,caregiver-care-assistant,United Kingdom,united-kingdom,Employer-sponsored care route,/routes/caregiver-care-assistant/united-kingdom/,How South African Caregiver / Care Assistants Can Work in United Kingdom (2026 Guide),Caregiver / Care Assistant jobs in United Kingdom for South Africans,Medium-High,https://www.gov.uk/health-care-worker-visa,high,https://www.gov.uk/health-care-worker-visa,Free eligibility check,"plain-English South African route check: eligibility, documents, costs, timeline, scams",Professional registration/document route; verify regulator requirements.
36,54.6,Healthcare,healthcare,Doctor / Medical Practitioner,doctor-medical-practitioner,United Kingdom,united-kingdom,Professional registration + sponsored visa,/routes/doctor-medical-practitioner/united-kingdom/,How South African Doctor / Medical Practitioners Can Work in United Kingdom (2026 Guide),Doctor / Medical Practitioner jobs in United Kingdom for South Africans,Medium-High,https://www.gov.uk/health-care-worker-visa,high,https://www.gov.uk/health-care-worker-visa,Free eligibility check,"plain-English South African route check: eligibility, documents, costs, timeline, scams",Professional registration/document route; verify regulator requirements.
37,54.3,TEFL,tefl,TEFL Teacher,tefl-teacher,South Korea,south-korea,TEFL / language-assistant route,/routes/tefl-teacher/south-korea/,How South African TEFL Teachers Can Work in South Korea (2026 Guide),TEFL Teacher jobs in South Korea for South Africans,Medium,https://www.epik.go.kr,high,https://www.epik.go.kr,Free eligibility check,"plain-English South African route check: eligibility, documents, costs, timeline, scams",Good no-SA-degree-adjacent route if bachelor/TEFL criteria fit; verify programme eligibility.
38,54.3,TEFL,tefl,TEFL Teacher,tefl-teacher,Japan,japan,TEFL / language-assistant route,/routes/tefl-teacher/japan/,How South African TEFL Teachers Can Work in Japan (2026 Guide),TEFL Teacher jobs in Japan for South Africans,Medium,https://jetprogramme.org/en/,high,https://jetprogramme.org/en/,Free eligibility check,"plain-English South African route check: eligibility, documents, costs, timeline, scams",Good no-SA-degree-adjacent route if bachelor/TEFL criteria fit; verify programme eligibility.
39,54.3,TEFL,tefl,Public School English Assistant,public-school-english-assistant,South Korea,south-korea,TEFL / language-assistant route,/routes/public-school-english-assistant/south-korea/,How South African Public School English Assistants Can Work in South Korea (2026 Guide),Public School English Assistant jobs in South Korea for South Africans,Medium,https://www.epik.go.kr,high,https://www.epik.go.kr,Free eligibility check,"plain-English South African route check: eligibility, documents, costs, timeline, scams",Good no-SA-degree-adjacent route if bachelor/TEFL criteria fit; verify programme eligibility.
40,54.3,TEFL,tefl,Public School English Assistant,public-school-english-assistant,Japan,japan,TEFL / language-assistant route,/routes/public-school-english-assistant/japan/,How South African Public School English Assistants Can Work in Japan (2026 Guide),Public School English Assistant jobs in Japan for South Africans,Medium,https://jetprogramme.org/en/,high,https://jetprogramme.org/en/,Free eligibility check,"plain-English South African route check: eligibility, documents, costs, timeline, scams",Good no-SA-degree-adjacent route if bachelor/TEFL criteria fit; verify programme eligibility.
41,53,Teaching,teaching,Primary Teacher,primary-teacher,United Kingdom,united-kingdom,Teacher registration + sponsored role,/routes/primary-teacher/united-kingdom/,How South African Primary Teachers Can Work in United Kingdom (2026 Guide),Primary Teacher jobs in United Kingdom for South Africans,Medium,https://www.gov.uk/skilled-worker-visa,high,https://www.gov.uk/skilled-worker-visa,Free eligibility check,"plain-English South African route check: eligibility, documents, costs, timeline, scams",Check registration/QTS/licensing and recruiter legitimacy.
42,53,Teaching,teaching,Secondary Teacher,secondary-teacher,United Kingdom,united-kingdom,Teacher registration + sponsored role,/routes/secondary-teacher/united-kingdom/,How South African Secondary Teachers Can Work in United Kingdom (2026 Guide),Secondary Teacher jobs in United Kingdom for South Africans,Medium,https://www.gov.uk/skilled-worker-visa,high,https://www.gov.uk/skilled-worker-visa,Free eligibility check,"plain-English South African route check: eligibility, documents, costs, timeline, scams",Check registration/QTS/licensing and recruiter legitimacy.
43,53,Teaching,teaching,SEN Teacher,sen-teacher,United Kingdom,united-kingdom,Teacher registration + sponsored role,/routes/sen-teacher/united-kingdom/,How South African SEN Teachers Can Work in United Kingdom (2026 Guide),SEN Teacher jobs in United Kingdom for South Africans,Medium,https://www.gov.uk/skilled-worker-visa,high,https://www.gov.uk/skilled-worker-visa,Free eligibility check,"plain-English South African route check: eligibility, documents, costs, timeline, scams",Check registration/QTS/licensing and recruiter legitimacy.
44,53,Teaching,teaching,Early Childhood Teacher,early-childhood-teacher,United Kingdom,united-kingdom,Teacher registration + sponsored role,/routes/early-childhood-teacher/united-kingdom/,How South African Early Childhood Teachers Can Work in United Kingdom (2026 Guide),Early Childhood Teacher jobs in United Kingdom for South Africans,Medium,https://www.gov.uk/skilled-worker-visa,high,https://www.gov.uk/skilled-worker-visa,Free eligibility check,"plain-English South African route check: eligibility, documents, costs, timeline, scams",Check registration/QTS/licensing and recruiter legitimacy.
45,52.3,Farming,farming,Fruit Picker,fruit-picker,United Kingdom,united-kingdom,Seasonal / sponsored agricultural route,/routes/fruit-picker/united-kingdom/,How South African Fruit Pickers Can Work in United Kingdom (2026 Guide),Fruit Picker jobs in United Kingdom for South Africans,High,https://www.gov.uk/seasonal-worker-visa,high,https://www.gov.uk/seasonal-worker-visa,Free eligibility check,"plain-English South African route check: eligibility, documents, costs, timeline, scams","High scam risk; must clarify sponsor, deductions, accommodation, contract."
46,52.3,Farming,farming,Fruit Picker,fruit-picker,United States,united-states,Seasonal / sponsored agricultural route,/routes/fruit-picker/united-states/,How South African Fruit Pickers Can Work in United States (2026 Guide),Fruit Picker jobs in United States for South Africans,High,https://travel.state.gov/content/travel/en/us-visas/employment/temporary-worker-visas.html,high,https://j1visa.state.gov/programs/intern,Free eligibility check,"plain-English South African route check: eligibility, documents, costs, timeline, scams","High scam risk; must clarify sponsor, deductions, accommodation, contract."
47,52.3,Farming,farming,Dairy Farm Worker,dairy-farm-worker,United Kingdom,united-kingdom,Seasonal / sponsored agricultural route,/routes/dairy-farm-worker/united-kingdom/,How South African Dairy Farm Workers Can Work in United Kingdom (2026 Guide),Dairy Farm Worker jobs in United Kingdom for South Africans,High,https://www.gov.uk/seasonal-worker-visa,high,https://www.gov.uk/seasonal-worker-visa,Free eligibility check,"plain-English South African route check: eligibility, documents, costs, timeline, scams","High scam risk; must clarify sponsor, deductions, accommodation, contract."
48,52.3,Farming,farming,Dairy Farm Worker,dairy-farm-worker,United States,united-states,Seasonal / sponsored agricultural route,/routes/dairy-farm-worker/united-states/,How South African Dairy Farm Workers Can Work in United States (2026 Guide),Dairy Farm Worker jobs in United States for South Africans,High,https://travel.state.gov/content/travel/en/us-visas/employment/temporary-worker-visas.html,high,https://j1visa.state.gov/programs/intern,Free eligibility check,"plain-English South African route check: eligibility, documents, costs, timeline, scams","High scam risk; must clarify sponsor, deductions, accommodation, contract."
49,52.3,Farming,farming,General Farm Worker,general-farm-worker,United Kingdom,united-kingdom,Seasonal / sponsored agricultural route,/routes/general-farm-worker/united-kingdom/,How South African General Farm Workers Can Work in United Kingdom (2026 Guide),General Farm Worker jobs in United Kingdom for South Africans,High,https://www.gov.uk/seasonal-worker-visa,high,https://www.gov.uk/seasonal-worker-visa,Free eligibility check,"plain-English South African route check: eligibility, documents, costs, timeline, scams","High scam risk; must clarify sponsor, deductions, accommodation, contract."
50,52.3,Farming,farming,General Farm Worker,general-farm-worker,United States,united-states,Seasonal / sponsored agricultural route,/routes/general-farm-worker/united-states/,How South African General Farm Workers Can Work in United States (2026 Guide),General Farm Worker jobs in United States for South Africans,High,https://travel.state.gov/content/travel/en/us-visas/employment/temporary-worker-visas.html,high,https://j1visa.state.gov/programs/intern,Free eligibility check,"plain-English South African route check: eligibility, documents, costs, timeline, scams","High scam risk; must clarify sponsor, deductions, accommodation, contract."
51,52.3,Farming,farming,Harvest Worker,harvest-worker,United Kingdom,united-kingdom,Seasonal / sponsored agricultural route,/routes/harvest-worker/united-kingdom/,How South African Harvest Workers Can Work in United Kingdom (2026 Guide),Harvest Worker jobs in United Kingdom for South Africans,High,https://www.gov.uk/seasonal-worker-visa,high,https://www.gov.uk/seasonal-worker-visa,Free eligibility check,"plain-English South African route check: eligibility, documents, costs, timeline, scams","High scam risk; must clarify sponsor, deductions, accommodation, contract."
52,52.3,Farming,farming,Harvest Worker,harvest-worker,United States,united-states,Seasonal / sponsored agricultural route,/routes/harvest-worker/united-states/,How South African Harvest Workers Can Work in United States (2026 Guide),Harvest Worker jobs in United States for South Africans,High,https://travel.state.gov/content/travel/en/us-visas/employment/temporary-worker-visas.html,high,https://j1visa.state.gov/programs/intern,Free eligibility check,"plain-English South African route check: eligibility, documents, costs, timeline, scams","High scam risk; must clarify sponsor, deductions, accommodation, contract."
53,52.3,Farming,farming,Poultry Worker,poultry-worker,United Kingdom,united-kingdom,Seasonal / sponsored agricultural route,/routes/poultry-worker/united-kingdom/,How South African Poultry Workers Can Work in United Kingdom (2026 Guide),Poultry Worker jobs in United Kingdom for South Africans,High,https://www.gov.uk/seasonal-worker-visa,high,https://www.gov.uk/seasonal-worker-visa,Free eligibility check,"plain-English South African route check: eligibility, documents, costs, timeline, scams","High scam risk; must clarify sponsor, deductions, accommodation, contract."
54,52.3,Farming,farming,Poultry Worker,poultry-worker,United States,united-states,Seasonal / sponsored agricultural route,/routes/poultry-worker/united-states/,How South African Poultry Workers Can Work in United States (2026 Guide),Poultry Worker jobs in United States for South Africans,High,https://travel.state.gov/content/travel/en/us-visas/employment/temporary-worker-visas.html,high,https://j1visa.state.gov/programs/intern,Free eligibility check,"plain-English South African route check: eligibility, documents, costs, timeline, scams","High scam risk; must clarify sponsor, deductions, accommodation, contract."
55,52.1,Healthcare,healthcare,Registered Nurse,registered-nurse,Australia,australia,Skilled healthcare work permit,/routes/registered-nurse/australia/,How South African Registered Nurses Can Work in Australia (2026 Guide),Registered Nurse jobs in Australia for South Africans,Medium-High,https://immi.homeaffairs.gov.au/visas/getting-a-visa/visa-listing/skills-in-demand-visa-subclass-482,high,https://immi.homeaffairs.gov.au/visas/getting-a-visa/visa-listing/skills-in-demand-visa-subclass-482/core-skills-stream,Free eligibility check,"plain-English South African route check: eligibility, documents, costs, timeline, scams",Professional registration/document route; verify regulator requirements.
56,52.1,Healthcare,healthcare,Registered Nurse,registered-nurse,Qatar,qatar,Skilled healthcare work permit,/routes/registered-nurse/qatar/,How South African Registered Nurses Can Work in Qatar (2026 Guide),Registered Nurse jobs in Qatar for South Africans,Medium-High,https://www.adlsa.gov.qa/en/Pages/default.aspx,verify,https://u.ae/en/information-and-services/jobs/employment-in-the-private-sector/job-offers-and-work-permits-and-contracts/work-permits,Free eligibility check,"plain-English South African route check: eligibility, documents, costs, timeline, scams",Professional registration/document route; verify regulator requirements.
57,52.1,Healthcare,healthcare,Caregiver / Care Assistant,caregiver-care-assistant,UAE,uae,Employer-sponsored care route,/routes/caregiver-care-assistant/uae/,How South African Caregiver / Care Assistants Can Work in UAE (2026 Guide),Caregiver / Care Assistant jobs in UAE for South Africans,Medium-High,https://u.ae/en/information-and-services/jobs/employment-in-the-private-sector,high,https://u.ae/en/information-and-services/jobs/employment-in-the-private-sector/job-offers-and-work-permits-and-contracts/work-permits,Free eligibility check,"plain-English South African route check: eligibility, documents, costs, timeline, scams",Professional registration/document route; verify regulator requirements.
58,52.1,Healthcare,healthcare,Doctor / Medical Practitioner,doctor-medical-practitioner,New Zealand,new-zealand,Professional registration + sponsored visa,/routes/doctor-medical-practitioner/new-zealand/,How South African Doctor / Medical Practitioners Can Work in New Zealand (2026 Guide),Doctor / Medical Practitioner jobs in New Zealand for South Africans,Medium-High,https://www.immigration.govt.nz/new-zealand-visas,high,https://www.immigration.govt.nz/new-zealand-visas/preparing-a-visa-application/working-in-nz/qualifications-for-work/green-list-occupations,Free eligibility check,"plain-English South African route check: eligibility, documents, costs, timeline, scams",Professional registration/document route; verify regulator requirements.
59,51.3,IT / Tech,it-tech,Software Developer,software-developer,United Kingdom,united-kingdom,Skilled worker / critical skills route,/routes/software-developer/united-kingdom/,How South African Software Developers Can Work in United Kingdom (2026 Guide),Software Developer jobs in United Kingdom for South Africans,Medium,https://www.gov.uk/skilled-worker-visa,high,https://www.gov.uk/skilled-worker-visa,Free eligibility check,"plain-English South African route check: eligibility, documents, costs, timeline, scams",High-value skilled audience; compare sponsorship realism by country.
60,51.3,IT / Tech,it-tech,Software Developer,software-developer,Netherlands,netherlands,Skilled worker / critical skills route,/routes/software-developer/netherlands/,How South African Software Developers Can Work in Netherlands (2026 Guide),Software Developer jobs in Netherlands for South Africans,Medium,https://ind.nl/en/work,verify,https://u.ae/en/information-and-services/jobs/employment-in-the-private-sector/job-offers-and-work-permits-and-contracts/work-permits,Free eligibility check,"plain-English South African route check: eligibility, documents, costs, timeline, scams",High-value skilled audience; compare sponsorship realism by country.
61,51.3,IT / Tech,it-tech,Software Developer,software-developer,New Zealand,new-zealand,Skilled worker / critical skills route,/routes/software-developer/new-zealand/,How South African Software Developers Can Work in New Zealand (2026 Guide),Software Developer jobs in New Zealand for South Africans,Medium,https://www.immigration.govt.nz/new-zealand-visas,high,https://www.immigration.govt.nz/new-zealand-visas/preparing-a-visa-application/working-in-nz/qualifications-for-work/green-list-occupations,Free eligibility check,"plain-English South African route check: eligibility, documents, costs, timeline, scams",High-value skilled audience; compare sponsorship realism by country.
62,51.3,IT / Tech,it-tech,Software Developer,software-developer,UAE,uae,Skilled worker / critical skills route,/routes/software-developer/uae/,How South African Software Developers Can Work in UAE (2026 Guide),Software Developer jobs in UAE for South Africans,Medium,https://u.ae/en/information-and-services/jobs/employment-in-the-private-sector,high,https://u.ae/en/information-and-services/jobs/employment-in-the-private-sector/job-offers-and-work-permits-and-contracts/work-permits,Free eligibility check,"plain-English South African route check: eligibility, documents, costs, timeline, scams",High-value skilled audience; compare sponsorship realism by country.
63,51.2,Engineering,engineering,Civil Engineer,civil-engineer,Australia,australia,Skilled migration / employer-sponsored route,/routes/civil-engineer/australia/,How South African Civil Engineers Can Work in Australia (2026 Guide),Civil Engineer jobs in Australia for South Africans,Medium,https://immi.homeaffairs.gov.au/visas/getting-a-visa/visa-listing/skills-in-demand-visa-subclass-482,high,https://immi.homeaffairs.gov.au/visas/getting-a-visa/visa-listing/skills-in-demand-visa-subclass-482/core-skills-stream,Free eligibility check,"plain-English South African route check: eligibility, documents, costs, timeline, scams",Regulated or credential-sensitive route; needs qualification recognition notes.
64,51.2,Engineering,engineering,Civil Engineer,civil-engineer,Ireland,ireland,Skilled migration / employer-sponsored route,/routes/civil-engineer/ireland/,How South African Civil Engineers Can Work in Ireland (2026 Guide),Civil Engineer jobs in Ireland for South Africans,Medium,https://enterprise.gov.ie/en/what-we-do/workplace-and-skills/employment-permits/permit-types/,high,https://enterprise.gov.ie/en/what-we-do/workplace-and-skills/employment-permits/permit-types/critical-skills-employment-permit/,Free eligibility check,"plain-English South African route check: eligibility, documents, costs, timeline, scams",Regulated or credential-sensitive route; needs qualification recognition notes.
65,51.2,Engineering,engineering,Civil Engineer,civil-engineer,United Kingdom,united-kingdom,Skilled migration / employer-sponsored route,/routes/civil-engineer/united-kingdom/,How South African Civil Engineers Can Work in United Kingdom (2026 Guide),Civil Engineer jobs in United Kingdom for South Africans,Medium,https://www.gov.uk/skilled-worker-visa,high,https://www.gov.uk/skilled-worker-visa,Free eligibility check,"plain-English South African route check: eligibility, documents, costs, timeline, scams",Regulated or credential-sensitive route; needs qualification recognition notes.
66,51.2,Engineering,engineering,Civil Engineer,civil-engineer,Canada,canada,Skilled migration / employer-sponsored route,/routes/civil-engineer/canada/,How South African Civil Engineers Can Work in Canada (2026 Guide),Civil Engineer jobs in Canada for South Africans,Medium,https://www.canada.ca/en/immigration-refugees-citizenship/services/work-canada.html,high,https://www.canada.ca/en/immigration-refugees-citizenship/services/immigrate-canada/express-entry.html,Free eligibility check,"plain-English South African route check: eligibility, documents, costs, timeline, scams",Regulated or credential-sensitive route; needs qualification recognition notes.
67,51.2,Engineering,engineering,Civil Engineer,civil-engineer,New Zealand,new-zealand,Skilled migration / employer-sponsored route,/routes/civil-engineer/new-zealand/,How South African Civil Engineers Can Work in New Zealand (2026 Guide),Civil Engineer jobs in New Zealand for South Africans,Medium,https://www.immigration.govt.nz/new-zealand-visas,high,https://www.immigration.govt.nz/new-zealand-visas/preparing-a-visa-application/working-in-nz/qualifications-for-work/green-list-occupations,Free eligibility check,"plain-English South African route check: eligibility, documents, costs, timeline, scams",Regulated or credential-sensitive route; needs qualification recognition notes.
68,51.2,Engineering,engineering,Civil Engineer,civil-engineer,Germany,germany,Skilled migration / employer-sponsored route,/routes/civil-engineer/germany/,How South African Civil Engineers Can Work in Germany (2026 Guide),Civil Engineer jobs in Germany for South Africans,Medium,https://www.make-it-in-germany.com/en/visa-residence/types,high,https://www.make-it-in-germany.com/en/visa-residence/types/job-search-opportunity-card,Free eligibility check,"plain-English South African route check: eligibility, documents, costs, timeline, scams",Regulated or credential-sensitive route; needs qualification recognition notes.
69,51.2,Engineering,engineering,Civil Engineer,civil-engineer,UAE,uae,Skilled migration / employer-sponsored route,/routes/civil-engineer/uae/,How South African Civil Engineers Can Work in UAE (2026 Guide),Civil Engineer jobs in UAE for South Africans,Medium,https://u.ae/en/information-and-services/jobs/employment-in-the-private-sector,high,https://u.ae/en/information-and-services/jobs/employment-in-the-private-sector/job-offers-and-work-permits-and-contracts/work-permits,Free eligibility check,"plain-English South African route check: eligibility, documents, costs, timeline, scams",Regulated or credential-sensitive route; needs qualification recognition notes.
70,51.2,Engineering,engineering,Mechanical Engineer,mechanical-engineer,Australia,australia,Skilled migration / employer-sponsored route,/routes/mechanical-engineer/australia/,How South African Mechanical Engineers Can Work in Australia (2026 Guide),Mechanical Engineer jobs in Australia for South Africans,Medium,https://immi.homeaffairs.gov.au/visas/getting-a-visa/visa-listing/skills-in-demand-visa-subclass-482,high,https://immi.homeaffairs.gov.au/visas/getting-a-visa/visa-listing/skills-in-demand-visa-subclass-482/core-skills-stream,Free eligibility check,"plain-English South African route check: eligibility, documents, costs, timeline, scams",Regulated or credential-sensitive route; needs qualification recognition notes.
71,51.2,Engineering,engineering,Mechanical Engineer,mechanical-engineer,Ireland,ireland,Skilled migration / employer-sponsored route,/routes/mechanical-engineer/ireland/,How South African Mechanical Engineers Can Work in Ireland (2026 Guide),Mechanical Engineer jobs in Ireland for South Africans,Medium,https://enterprise.gov.ie/en/what-we-do/workplace-and-skills/employment-permits/permit-types/,high,https://enterprise.gov.ie/en/what-we-do/workplace-and-skills/employment-permits/permit-types/critical-skills-employment-permit/,Free eligibility check,"plain-English South African route check: eligibility, documents, costs, timeline, scams",Regulated or credential-sensitive route; needs qualification recognition notes.
72,51.2,Engineering,engineering,Mechanical Engineer,mechanical-engineer,United Kingdom,united-kingdom,Skilled migration / employer-sponsored route,/routes/mechanical-engineer/united-kingdom/,How South African Mechanical Engineers Can Work in United Kingdom (2026 Guide),Mechanical Engineer jobs in United Kingdom for South Africans,Medium,https://www.gov.uk/skilled-worker-visa,high,https://www.gov.uk/skilled-worker-visa,Free eligibility check,"plain-English South African route check: eligibility, documents, costs, timeline, scams",Regulated or credential-sensitive route; needs qualification recognition notes.
73,51.2,Engineering,engineering,Mechanical Engineer,mechanical-engineer,Canada,canada,Skilled migration / employer-sponsored route,/routes/mechanical-engineer/canada/,How South African Mechanical Engineers Can Work in Canada (2026 Guide),Mechanical Engineer jobs in Canada for South Africans,Medium,https://www.canada.ca/en/immigration-refugees-citizenship/services/work-canada.html,high,https://www.canada.ca/en/immigration-refugees-citizenship/services/immigrate-canada/express-entry.html,Free eligibility check,"plain-English South African route check: eligibility, documents, costs, timeline, scams",Regulated or credential-sensitive route; needs qualification recognition notes.
74,51.2,Engineering,engineering,Mechanical Engineer,mechanical-engineer,New Zealand,new-zealand,Skilled migration / employer-sponsored route,/routes/mechanical-engineer/new-zealand/,How South African Mechanical Engineers Can Work in New Zealand (2026 Guide),Mechanical Engineer jobs in New Zealand for South Africans,Medium,https://www.immigration.govt.nz/new-zealand-visas,high,https://www.immigration.govt.nz/new-zealand-visas/preparing-a-visa-application/working-in-nz/qualifications-for-work/green-list-occupations,Free eligibility check,"plain-English South African route check: eligibility, documents, costs, timeline, scams",Regulated or credential-sensitive route; needs qualification recognition notes.
75,51.2,Engineering,engineering,Mechanical Engineer,mechanical-engineer,Germany,germany,Skilled migration / employer-sponsored route,/routes/mechanical-engineer/germany/,How South African Mechanical Engineers Can Work in Germany (2026 Guide),Mechanical Engineer jobs in Germany for South Africans,Medium,https://www.make-it-in-germany.com/en/visa-residence/types,high,https://www.make-it-in-germany.com/en/visa-residence/types/job-search-opportunity-card,Free eligibility check,"plain-English South African route check: eligibility, documents, costs, timeline, scams",Regulated or credential-sensitive route; needs qualification recognition notes.
76,51.2,Engineering,engineering,Mechanical Engineer,mechanical-engineer,UAE,uae,Skilled migration / employer-sponsored route,/routes/mechanical-engineer/uae/,How South African Mechanical Engineers Can Work in UAE (2026 Guide),Mechanical Engineer jobs in UAE for South Africans,Medium,https://u.ae/en/information-and-services/jobs/employment-in-the-private-sector,high,https://u.ae/en/information-and-services/jobs/employment-in-the-private-sector/job-offers-and-work-permits-and-contracts/work-permits,Free eligibility check,"plain-English South African route check: eligibility, documents, costs, timeline, scams",Regulated or credential-sensitive route; needs qualification recognition notes.
77,51.2,Engineering,engineering,Electrical Engineer,electrical-engineer,Australia,australia,Skilled migration / employer-sponsored route,/routes/electrical-engineer/australia/,How South African Electrical Engineers Can Work in Australia (2026 Guide),Electrical Engineer jobs in Australia for South Africans,Medium,https://immi.homeaffairs.gov.au/visas/getting-a-visa/visa-listing/skills-in-demand-visa-subclass-482,high,https://immi.homeaffairs.gov.au/visas/getting-a-visa/visa-listing/skills-in-demand-visa-subclass-482/core-skills-stream,Free eligibility check,"plain-English South African route check: eligibility, documents, costs, timeline, scams",Regulated or credential-sensitive route; needs qualification recognition notes.
78,51.2,Engineering,engineering,Electrical Engineer,electrical-engineer,Ireland,ireland,Skilled migration / employer-sponsored route,/routes/electrical-engineer/ireland/,How South African Electrical Engineers Can Work in Ireland (2026 Guide),Electrical Engineer jobs in Ireland for South Africans,Medium,https://enterprise.gov.ie/en/what-we-do/workplace-and-skills/employment-permits/permit-types/,high,https://enterprise.gov.ie/en/what-we-do/workplace-and-skills/employment-permits/permit-types/critical-skills-employment-permit/,Free eligibility check,"plain-English South African route check: eligibility, documents, costs, timeline, scams",Regulated or credential-sensitive route; needs qualification recognition notes.
79,51.2,Engineering,engineering,Electrical Engineer,electrical-engineer,United Kingdom,united-kingdom,Skilled migration / employer-sponsored route,/routes/electrical-engineer/united-kingdom/,How South African Electrical Engineers Can Work in United Kingdom (2026 Guide),Electrical Engineer jobs in United Kingdom for South Africans,Medium,https://www.gov.uk/skilled-worker-visa,high,https://www.gov.uk/skilled-worker-visa,Free eligibility check,"plain-English South African route check: eligibility, documents, costs, timeline, scams",Regulated or credential-sensitive route; needs qualification recognition notes.
80,51.2,Engineering,engineering,Electrical Engineer,electrical-engineer,Canada,canada,Skilled migration / employer-sponsored route,/routes/electrical-engineer/canada/,How South African Electrical Engineers Can Work in Canada (2026 Guide),Electrical Engineer jobs in Canada for South Africans,Medium,https://www.canada.ca/en/immigration-refugees-citizenship/services/work-canada.html,high,https://www.canada.ca/en/immigration-refugees-citizenship/services/immigrate-canada/express-entry.html,Free eligibility check,"plain-English South African route check: eligibility, documents, costs, timeline, scams",Regulated or credential-sensitive route; needs qualification recognition notes.
81,51.2,Engineering,engineering,Electrical Engineer,electrical-engineer,New Zealand,new-zealand,Skilled migration / employer-sponsored route,/routes/electrical-engineer/new-zealand/,How South African Electrical Engineers Can Work in New Zealand (2026 Guide),Electrical Engineer jobs in New Zealand for South Africans,Medium,https://www.immigration.govt.nz/new-zealand-visas,high,https://www.immigration.govt.nz/new-zealand-visas/preparing-a-visa-application/working-in-nz/qualifications-for-work/green-list-occupations,Free eligibility check,"plain-English South African route check: eligibility, documents, costs, timeline, scams",Regulated or credential-sensitive route; needs qualification recognition notes.
82,51.2,Engineering,engineering,Electrical Engineer,electrical-engineer,Germany,germany,Skilled migration / employer-sponsored route,/routes/electrical-engineer/germany/,How South African Electrical Engineers Can Work in Germany (2026 Guide),Electrical Engineer jobs in Germany for South Africans,Medium,https://www.make-it-in-germany.com/en/visa-residence/types,high,https://www.make-it-in-germany.com/en/visa-residence/types/job-search-opportunity-card,Free eligibility check,"plain-English South African route check: eligibility, documents, costs, timeline, scams",Regulated or credential-sensitive route; needs qualification recognition notes.
83,51.2,Engineering,engineering,Electrical Engineer,electrical-engineer,UAE,uae,Skilled migration / employer-sponsored route,/routes/electrical-engineer/uae/,How South African Electrical Engineers Can Work in UAE (2026 Guide),Electrical Engineer jobs in UAE for South Africans,Medium,https://u.ae/en/information-and-services/jobs/employment-in-the-private-sector,high,https://u.ae/en/information-and-services/jobs/employment-in-the-private-sector/job-offers-and-work-permits-and-contracts/work-permits,Free eligibility check,"plain-English South African route check: eligibility, documents, costs, timeline, scams",Regulated or credential-sensitive route; needs qualification recognition notes.
84,51.2,Engineering,engineering,Quantity Surveyor,quantity-surveyor,Australia,australia,Skilled migration / employer-sponsored route,/routes/quantity-surveyor/australia/,How South African Quantity Surveyors Can Work in Australia (2026 Guide),Quantity Surveyor jobs in Australia for South Africans,Medium,https://immi.homeaffairs.gov.au/visas/getting-a-visa/visa-listing/skills-in-demand-visa-subclass-482,high,https://immi.homeaffairs.gov.au/visas/getting-a-visa/visa-listing/skills-in-demand-visa-subclass-482/core-skills-stream,Free eligibility check,"plain-English South African route check: eligibility, documents, costs, timeline, scams",Regulated or credential-sensitive route; needs qualification recognition notes.
85,51.2,Engineering,engineering,Quantity Surveyor,quantity-surveyor,Ireland,ireland,Skilled migration / employer-sponsored route,/routes/quantity-surveyor/ireland/,How South African Quantity Surveyors Can Work in Ireland (2026 Guide),Quantity Surveyor jobs in Ireland for South Africans,Medium,https://enterprise.gov.ie/en/what-we-do/workplace-and-skills/employment-permits/permit-types/,high,https://enterprise.gov.ie/en/what-we-do/workplace-and-skills/employment-permits/permit-types/critical-skills-employment-permit/,Free eligibility check,"plain-English South African route check: eligibility, documents, costs, timeline, scams",Regulated or credential-sensitive route; needs qualification recognition notes.
86,51.2,Engineering,engineering,Quantity Surveyor,quantity-surveyor,United Kingdom,united-kingdom,Skilled migration / employer-sponsored route,/routes/quantity-surveyor/united-kingdom/,How South African Quantity Surveyors Can Work in United Kingdom (2026 Guide),Quantity Surveyor jobs in United Kingdom for South Africans,Medium,https://www.gov.uk/skilled-worker-visa,high,https://www.gov.uk/skilled-worker-visa,Free eligibility check,"plain-English South African route check: eligibility, documents, costs, timeline, scams",Regulated or credential-sensitive route; needs qualification recognition notes.
87,51.2,Engineering,engineering,Quantity Surveyor,quantity-surveyor,Canada,canada,Skilled migration / employer-sponsored route,/routes/quantity-surveyor/canada/,How South African Quantity Surveyors Can Work in Canada (2026 Guide),Quantity Surveyor jobs in Canada for South Africans,Medium,https://www.canada.ca/en/immigration-refugees-citizenship/services/work-canada.html,high,https://www.canada.ca/en/immigration-refugees-citizenship/services/immigrate-canada/express-entry.html,Free eligibility check,"plain-English South African route check: eligibility, documents, costs, timeline, scams",Regulated or credential-sensitive route; needs qualification recognition notes.
88,51.2,Engineering,engineering,Quantity Surveyor,quantity-surveyor,New Zealand,new-zealand,Skilled migration / employer-sponsored route,/routes/quantity-surveyor/new-zealand/,How South African Quantity Surveyors Can Work in New Zealand (2026 Guide),Quantity Surveyor jobs in New Zealand for South Africans,Medium,https://www.immigration.govt.nz/new-zealand-visas,high,https://www.immigration.govt.nz/new-zealand-visas/preparing-a-visa-application/working-in-nz/qualifications-for-work/green-list-occupations,Free eligibility check,"plain-English South African route check: eligibility, documents, costs, timeline, scams",Regulated or credential-sensitive route; needs qualification recognition notes.
89,51.2,Engineering,engineering,Quantity Surveyor,quantity-surveyor,Germany,germany,Skilled migration / employer-sponsored route,/routes/quantity-surveyor/germany/,How South African Quantity Surveyors Can Work in Germany (2026 Guide),Quantity Surveyor jobs in Germany for South Africans,Medium,https://www.make-it-in-germany.com/en/visa-residence/types,high,https://www.make-it-in-germany.com/en/visa-residence/types/job-search-opportunity-card,Free eligibility check,"plain-English South African route check: eligibility, documents, costs, timeline, scams",Regulated or credential-sensitive route; needs qualification recognition notes.
90,51.2,Engineering,engineering,Quantity Surveyor,quantity-surveyor,UAE,uae,Skilled migration / employer-sponsored route,/routes/quantity-surveyor/uae/,How South African Quantity Surveyors Can Work in UAE (2026 Guide),Quantity Surveyor jobs in UAE for South Africans,Medium,https://u.ae/en/information-and-services/jobs/employment-in-the-private-sector,high,https://u.ae/en/information-and-services/jobs/employment-in-the-private-sector/job-offers-and-work-permits-and-contracts/work-permits,Free eligibility check,"plain-English South African route check: eligibility, documents, costs, timeline, scams",Regulated or credential-sensitive route; needs qualification recognition notes.
91,51.2,Engineering,engineering,Project Engineer,project-engineer,Australia,australia,Skilled migration / employer-sponsored route,/routes/project-engineer/australia/,How South African Project Engineers Can Work in Australia (2026 Guide),Project Engineer jobs in Australia for South Africans,Medium,https://immi.homeaffairs.gov.au/visas/getting-a-visa/visa-listing/skills-in-demand-visa-subclass-482,high,https://immi.homeaffairs.gov.au/visas/getting-a-visa/visa-listing/skills-in-demand-visa-subclass-482/core-skills-stream,Free eligibility check,"plain-English South African route check: eligibility, documents, costs, timeline, scams",Regulated or credential-sensitive route; needs qualification recognition notes.
92,51.2,Engineering,engineering,Project Engineer,project-engineer,Ireland,ireland,Skilled migration / employer-sponsored route,/routes/project-engineer/ireland/,How South African Project Engineers Can Work in Ireland (2026 Guide),Project Engineer jobs in Ireland for South Africans,Medium,https://enterprise.gov.ie/en/what-we-do/workplace-and-skills/employment-permits/permit-types/,high,https://enterprise.gov.ie/en/what-we-do/workplace-and-skills/employment-permits/permit-types/critical-skills-employment-permit/,Free eligibility check,"plain-English South African route check: eligibility, documents, costs, timeline, scams",Regulated or credential-sensitive route; needs qualification recognition notes.
93,51.2,Engineering,engineering,Project Engineer,project-engineer,United Kingdom,united-kingdom,Skilled migration / employer-sponsored route,/routes/project-engineer/united-kingdom/,How South African Project Engineers Can Work in United Kingdom (2026 Guide),Project Engineer jobs in United Kingdom for South Africans,Medium,https://www.gov.uk/skilled-worker-visa,high,https://www.gov.uk/skilled-worker-visa,Free eligibility check,"plain-English South African route check: eligibility, documents, costs, timeline, scams",Regulated or credential-sensitive route; needs qualification recognition notes.
94,51.2,Engineering,engineering,Project Engineer,project-engineer,Canada,canada,Skilled migration / employer-sponsored route,/routes/project-engineer/canada/,How South African Project Engineers Can Work in Canada (2026 Guide),Project Engineer jobs in Canada for South Africans,Medium,https://www.canada.ca/en/immigration-refugees-citizenship/services/work-canada.html,high,https://www.canada.ca/en/immigration-refugees-citizenship/services/immigrate-canada/express-entry.html,Free eligibility check,"plain-English South African route check: eligibility, documents, costs, timeline, scams",Regulated or credential-sensitive route; needs qualification recognition notes.
95,51.2,Engineering,engineering,Project Engineer,project-engineer,New Zealand,new-zealand,Skilled migration / employer-sponsored route,/routes/project-engineer/new-zealand/,How South African Project Engineers Can Work in New Zealand (2026 Guide),Project Engineer jobs in New Zealand for South Africans,Medium,https://www.immigration.govt.nz/new-zealand-visas,high,https://www.immigration.govt.nz/new-zealand-visas/preparing-a-visa-application/working-in-nz/qualifications-for-work/green-list-occupations,Free eligibility check,"plain-English South African route check: eligibility, documents, costs, timeline, scams",Regulated or credential-sensitive route; needs qualification recognition notes.
96,47.3,TEFL,tefl,TEFL Teacher,tefl-teacher,China,china,TEFL / language-assistant route,/routes/tefl-teacher/china/,How South African TEFL Teachers Can Work in China (2026 Guide),TEFL Teacher jobs in China for South Africans,Medium,https://www.visaforchina.cn,verify,https://j1visa.state.gov/programs/intern,Free eligibility check,"plain-English South African route check: eligibility, documents, costs, timeline, scams",Good no-SA-degree-adjacent route if bachelor/TEFL criteria fit; verify programme eligibility.
97,47.3,TEFL,tefl,TEFL Teacher,tefl-teacher,Vietnam,vietnam,TEFL / language-assistant route,/routes/tefl-teacher/vietnam/,How South African TEFL Teachers Can Work in Vietnam (2026 Guide),TEFL Teacher jobs in Vietnam for South Africans,Medium,https://immigration.gov.vn,verify,https://j1visa.state.gov/programs/intern,Free eligibility check,"plain-English South African route check: eligibility, documents, costs, timeline, scams",Good no-SA-degree-adjacent route if bachelor/TEFL criteria fit; verify programme eligibility.
98,46.9,Carnival / Seasonal,seasonal,Carnival Worker,carnival-worker,United States,united-states,J-1 / seasonal work programme,/routes/carnival-worker/united-states/,How South African Carnival Workers Can Work in United States (2026 Guide),Carnival Worker jobs in United States for South Africans,High,https://j1visa.state.gov/programs/summer-work-travel,high,https://j1visa.state.gov/programs/intern,Free eligibility check,"plain-English South African route check: eligibility, documents, costs, timeline, scams",Youth/seasonal route; needs programme/sponsor verification.
99,46.9,Carnival / Seasonal,seasonal,Amusement Park Worker,amusement-park-worker,United States,united-states,J-1 / seasonal work programme,/routes/amusement-park-worker/united-states/,How South African Amusement Park Workers Can Work in United States (2026 Guide),Amusement Park Worker jobs in United States for South Africans,High,https://j1visa.state.gov/programs/summer-work-travel,high,https://j1visa.state.gov/programs/intern,Free eligibility check,"plain-English South African route check: eligibility, documents, costs, timeline, scams",Youth/seasonal route; needs programme/sponsor verification.
100,46.9,Carnival / Seasonal,seasonal,Summer Camp Counsellor,summer-camp-counsellor,United States,united-states,J-1 / seasonal work programme,/routes/summer-camp-counsellor/united-states/,How South African Summer Camp Counsellors Can Work in United States (2026 Guide),Summer Camp Counsellor jobs in United States for South Africans,High,https://j1visa.state.gov/programs/summer-work-travel,high,https://j1visa.state.gov/programs/intern,Free eligibility check,"plain-English South African route check: eligibility, documents, costs, timeline, scams",Youth/seasonal route; needs programme/sponsor verification.
101,46.9,Carnival / Seasonal,seasonal,Lifeguard,lifeguard,United States,united-states,J-1 / seasonal work programme,/routes/lifeguard/united-states/,How South African Lifeguards Can Work in United States (2026 Guide),Lifeguard jobs in United States for South Africans,High,https://j1visa.state.gov/programs/summer-work-travel,high,https://j1visa.state.gov/programs/intern,Free eligibility check,"plain-English South African route check: eligibility, documents, costs, timeline, scams",Youth/seasonal route; needs programme/sponsor verification.
102,46.9,Carnival / Seasonal,seasonal,Resort Seasonal Worker,resort-seasonal-worker,United States,united-states,J-1 / seasonal work programme,/routes/resort-seasonal-worker/united-states/,How South African Resort Seasonal Workers Can Work in United States (2026 Guide),Resort Seasonal Worker jobs in United States for South Africans,High,https://j1visa.state.gov/programs/summer-work-travel,high,https://j1visa.state.gov/programs/intern,Free eligibility check,"plain-English South African route check: eligibility, documents, costs, timeline, scams",Youth/seasonal route; needs programme/sponsor verification.
103,46.2,Hospitality,hospitality,Chef,chef,UAE,uae,Employer-sponsored hospitality route,/routes/chef/uae/,How South African Chefs Can Work in UAE (2026 Guide),Chef jobs in UAE for South Africans,High,https://u.ae/en/information-and-services/jobs/employment-in-the-private-sector,high,https://u.ae/en/information-and-services/jobs/employment-in-the-private-sector/job-offers-and-work-permits-and-contracts/work-permits,Free eligibility check,"plain-English South African route check: eligibility, documents, costs, timeline, scams",Practical route but offer quality and salary deductions need scrutiny.
104,46.2,Hospitality,hospitality,Hotel Receptionist,hotel-receptionist,UAE,uae,Employer-sponsored hospitality route,/routes/hotel-receptionist/uae/,How South African Hotel Receptionists Can Work in UAE (2026 Guide),Hotel Receptionist jobs in UAE for South Africans,High,https://u.ae/en/information-and-services/jobs/employment-in-the-private-sector,high,https://u.ae/en/information-and-services/jobs/employment-in-the-private-sector/job-offers-and-work-permits-and-contracts/work-permits,Free eligibility check,"plain-English South African route check: eligibility, documents, costs, timeline, scams",Practical route but offer quality and salary deductions need scrutiny.
105,46.2,Hospitality,hospitality,Waiter / Restaurant Staff,waiter-restaurant-staff,UAE,uae,Employer-sponsored hospitality route,/routes/waiter-restaurant-staff/uae/,How South African Waiter / Restaurant Staffs Can Work in UAE (2026 Guide),Waiter / Restaurant Staff jobs in UAE for South Africans,High,https://u.ae/en/information-and-services/jobs/employment-in-the-private-sector,high,https://u.ae/en/information-and-services/jobs/employment-in-the-private-sector/job-offers-and-work-permits-and-contracts/work-permits,Free eligibility check,"plain-English South African route check: eligibility, documents, costs, timeline, scams",Practical route but offer quality and salary deductions need scrutiny.
106,46.2,Hospitality,hospitality,Housekeeping Supervisor,housekeeping-supervisor,UAE,uae,Employer-sponsored hospitality route,/routes/housekeeping-supervisor/uae/,How South African Housekeeping Supervisors Can Work in UAE (2026 Guide),Housekeeping Supervisor jobs in UAE for South Africans,High,https://u.ae/en/information-and-services/jobs/employment-in-the-private-sector,high,https://u.ae/en/information-and-services/jobs/employment-in-the-private-sector/job-offers-and-work-permits-and-contracts/work-permits,Free eligibility check,"plain-English South African route check: eligibility, documents, costs, timeline, scams",Practical route but offer quality and salary deductions need scrutiny.
107,46.2,Hospitality,hospitality,Tourism / Guest Relations,tourism-guest-relations,UAE,uae,Employer-sponsored hospitality route,/routes/tourism-guest-relations/uae/,How South African Tourism / Guest Relationss Can Work in UAE (2026 Guide),Tourism / Guest Relations jobs in UAE for South Africans,High,https://u.ae/en/information-and-services/jobs/employment-in-the-private-sector,high,https://u.ae/en/information-and-services/jobs/employment-in-the-private-sector/job-offers-and-work-permits-and-contracts/work-permits,Free eligibility check,"plain-English South African route check: eligibility, documents, costs, timeline, scams",Practical route but offer quality and salary deductions need scrutiny.
108,46,Teaching,teaching,Primary Teacher,primary-teacher,Australia,australia,Teacher registration + sponsored role,/routes/primary-teacher/australia/,How South African Primary Teachers Can Work in Australia (2026 Guide),Primary Teacher jobs in Australia for South Africans,Medium,https://immi.homeaffairs.gov.au/visas/getting-a-visa/visa-listing/skills-in-demand-visa-subclass-482,high,https://immi.homeaffairs.gov.au/visas/getting-a-visa/visa-listing/skills-in-demand-visa-subclass-482/core-skills-stream,Free eligibility check,"plain-English South African route check: eligibility, documents, costs, timeline, scams",Check registration/QTS/licensing and recruiter legitimacy.
109,45.1,Au Pair,au-pair,Au Pair,au-pair,Netherlands,netherlands,Au pair / cultural exchange route,/routes/au-pair/netherlands/,How South African Au Pairs Can Work in Netherlands (2026 Guide),Au Pair jobs in Netherlands for South Africans,High,https://ind.nl/en/residence-permits/work/au-pair,verify,https://www.gov.uk/browse/visas-immigration/work-visas,Free eligibility check,"plain-English South African route check: eligibility, documents, costs, timeline, scams",Strong young-applicant route; sponsor/agency legitimacy is key.
110,45.1,Au Pair,au-pair,Au Pair,au-pair,Germany,germany,Au pair / cultural exchange route,/routes/au-pair/germany/,How South African Au Pairs Can Work in Germany (2026 Guide),Au Pair jobs in Germany for South Africans,High,https://www.make-it-in-germany.com/en/visa-residence/types,high,https://www.gov.uk/browse/visas-immigration/work-visas,Free eligibility check,"plain-English South African route check: eligibility, documents, costs, timeline, scams",Strong young-applicant route; sponsor/agency legitimacy is key.
111,45.1,Au Pair,au-pair,Au Pair,au-pair,Australia,australia,Au pair / cultural exchange route,/routes/au-pair/australia/,How South African Au Pairs Can Work in Australia (2026 Guide),Au Pair jobs in Australia for South Africans,High,https://immi.homeaffairs.gov.au/visas/getting-a-visa/visa-listing/skills-in-demand-visa-subclass-482,high,https://www.gov.uk/browse/visas-immigration/work-visas,Free eligibility check,"plain-English South African route check: eligibility, documents, costs, timeline, scams",Strong young-applicant route; sponsor/agency legitimacy is key.
112,45.1,Au Pair,au-pair,Au Pair,au-pair,France,france,Au pair / cultural exchange route,/routes/au-pair/france/,How South African Au Pairs Can Work in France (2026 Guide),Au Pair jobs in France for South Africans,High,https://france-visas.gouv.fr/en/web/france-visas/working,verify,https://www.gov.uk/browse/visas-immigration/work-visas,Free eligibility check,"plain-English South African route check: eligibility, documents, costs, timeline, scams",Strong young-applicant route; sponsor/agency legitimacy is key.
113,44.9,Accounting,accounting,Accountant,accountant,Canada,canada,Skilled worker / professional recognition route,/routes/accountant/canada/,How South African Accountants Can Work in Canada (2026 Guide),Accountant jobs in Canada for South Africans,Medium,https://www.canada.ca/en/immigration-refugees-citizenship/services/work-canada.html,high,https://www.canada.ca/en/immigration-refugees-citizenship/services/immigrate-canada/express-entry.html,WhatsApp route check,"plain-English South African route check: eligibility, documents, costs, timeline, scams",Professional body and credential recognition varies; good comparison pages.
114,44.9,Accounting,accounting,Accountant,accountant,Australia,australia,Skilled worker / professional recognition route,/routes/accountant/australia/,How South African Accountants Can Work in Australia (2026 Guide),Accountant jobs in Australia for South Africans,Medium,https://immi.homeaffairs.gov.au/visas/getting-a-visa/visa-listing/skills-in-demand-visa-subclass-482,high,https://immi.homeaffairs.gov.au/visas/getting-a-visa/visa-listing/skills-in-demand-visa-subclass-482/core-skills-stream,WhatsApp route check,"plain-English South African route check: eligibility, documents, costs, timeline, scams",Professional body and credential recognition varies; good comparison pages.
115,44.9,Accounting,accounting,Accountant,accountant,Ireland,ireland,Skilled worker / professional recognition route,/routes/accountant/ireland/,How South African Accountants Can Work in Ireland (2026 Guide),Accountant jobs in Ireland for South Africans,Medium,https://enterprise.gov.ie/en/what-we-do/workplace-and-skills/employment-permits/permit-types/,high,https://enterprise.gov.ie/en/what-we-do/workplace-and-skills/employment-permits/permit-types/critical-skills-employment-permit/,WhatsApp route check,"plain-English South African route check: eligibility, documents, costs, timeline, scams",Professional body and credential recognition varies; good comparison pages.
116,44.9,Accounting,accounting,Accountant,accountant,United Kingdom,united-kingdom,Skilled worker / professional recognition route,/routes/accountant/united-kingdom/,How South African Accountants Can Work in United Kingdom (2026 Guide),Accountant jobs in United Kingdom for South Africans,Medium,https://www.gov.uk/skilled-worker-visa,high,https://www.gov.uk/skilled-worker-visa,WhatsApp route check,"plain-English South African route check: eligibility, documents, costs, timeline, scams",Professional body and credential recognition varies; good comparison pages.
117,44.9,Accounting,accounting,Accountant,accountant,New Zealand,new-zealand,Skilled worker / professional recognition route,/routes/accountant/new-zealand/,How South African Accountants Can Work in New Zealand (2026 Guide),Accountant jobs in New Zealand for South Africans,Medium,https://www.immigration.govt.nz/new-zealand-visas,high,https://www.immigration.govt.nz/new-zealand-visas/preparing-a-visa-application/working-in-nz/qualifications-for-work/green-list-occupations,WhatsApp route check,"plain-English South African route check: eligibility, documents, costs, timeline, scams",Professional body and credential recognition varies; good comparison pages.
118,44.9,Accounting,accounting,Accountant,accountant,UAE,uae,Skilled worker / professional recognition route,/routes/accountant/uae/,How South African Accountants Can Work in UAE (2026 Guide),Accountant jobs in UAE for South Africans,Medium,https://u.ae/en/information-and-services/jobs/employment-in-the-private-sector,high,https://u.ae/en/information-and-services/jobs/employment-in-the-private-sector/job-offers-and-work-permits-and-contracts/work-permits,WhatsApp route check,"plain-English South African route check: eligibility, documents, costs, timeline, scams",Professional body and credential recognition varies; good comparison pages.
119,39.9,Carnival / Seasonal,seasonal,Carnival Worker,carnival-worker,Canada,canada,J-1 / seasonal work programme,/routes/carnival-worker/canada/,How South African Carnival Workers Can Work in Canada (2026 Guide),Carnival Worker jobs in Canada for South Africans,High,https://www.canada.ca/en/immigration-refugees-citizenship/services/work-canada.html,high,https://www.canada.ca/en/immigration-refugees-citizenship/services/immigrate-canada/express-entry.html,WhatsApp route check,"plain-English South African route check: eligibility, documents, costs, timeline, scams",Youth/seasonal route; needs programme/sponsor verification.
120,39.2,Hospitality,hospitality,Chef,chef,United Kingdom,united-kingdom,Employer-sponsored hospitality route,/routes/chef/united-kingdom/,How South African Chefs Can Work in United Kingdom (2026 Guide),Chef jobs in United Kingdom for South Africans,High,https://www.gov.uk/skilled-worker-visa,high,https://www.gov.uk/skilled-worker-visa,WhatsApp route check,"plain-English South African route check: eligibility, documents, costs, timeline, scams",Practical route but offer quality and salary deductions need scrutiny.
